Unnamed: 0,Z_FFT(f)
X Unit(Hz),Y Unit(mm)
X Value,Y Value(Real)
0,0.023973223505890928
0.732421875,-0.01978944601432886
1.46484375,0.015357514712377451
2.197265625,-0.007946255209390074
2.9296875,6.90434092120995e-05
3.662109375,0.00036511383427750843
4.39453125,-0.00035216947935623466
5.126953125,0.0006117065254329646
5.859375,-0.0001932297095663671
6.591796875,7.938533030937833e-05
7.32421875,-0.0008510461384503287
8.056640625,0.0005434346235233534
8.7890625,0.00025630782829466625
9.521484375,0.0003372735477569222
10.25390625,-0.0009451810001337435
10.986328125,0.0011766433090087958
11.71875,-0.0018967705273098545
12.451171875,0.0022014621663402067
13.18359375,-0.0025167241801682394
13.916015625,0.002544865537856822
14.6484375,-0.0009760404964254121
15.380859375,-0.0004200038574708742
16.11328125,0.0006203317184372281
16.845703125,-0.0001286230713049008
17.578125,-0.00034985768593287503
18.310546875,0.0004904775892100588
19.04296875,-0.0008333907999258372
19.775390625,0.0003055594675061002
20.5078125,0.0008192001814677496
21.240234375,4.673355746831476e-05
21.97265625,-0.0011206165027033421
22.705078125,0.0012278883332328405
23.4375,-0.0002870190769499459
24.169921875,-0.0030229059575503925
24.90234375,0.003935728727810783
25.634765625,-0.0014519579281113693
26.3671875,9.029010783478952e-05
27.099609375,-0.0002851132876457996
27.83203125,0.0004739422649890912
28.564453125,6.565829124838274e-05
29.296875,-0.00043645385972013173
30.029296875,0.0006556182938766142
30.76171875,-0.0009467403287999332
31.494140625,0.0003834907147393096
32.2265625,0.0009943247505361796
32.958984375,-0.0016826046476126066
33.69140625,0.0012644895832636394
34.423828125,-0.0006444954578910256
35.15625,-0.0006345089786918834
35.888671875,0.00303510364574322
36.62109375,-0.003552538828444085
37.353515625,0.0006059487986931344
38.0859375,0.0019537551452231128
38.818359375,-0.001699821496004006
39.55078125,0.0006404048349395453
40.283203125,0.0007285240144483396
41.015625,-0.0008558267836633604
41.748046875,-0.0015628447727067396
42.48046875,0.0013883143310522428
43.212890625,0.0011274831877017277
43.9453125,-0.0021793680389237124
44.677734375,0.0037104077819094528
45.41015625,-0.0056597573347971775
46.142578125,0.0032220873436017428
46.875,0.0016475752318001469
47.607421875,-0.002245633822894888
48.33984375,0.0004402206172926526
49.072265625,-0.0005256691224531096
49.8046875,0.002741420757956803
50.537109375,-0.004113901013624854
51.26953125,0.00357310455001425
52.001953125,-0.0030777175652474398
52.734375,0.0017222299675268005
53.466796875,0.0006554058700203313
54.19921875,-0.0028881290745630395
54.931640625,0.003372970695636468
55.6640625,-0.0013714153510591132
56.396484375,0.0006261280418584647
57.12890625,-0.001451319349143887
57.861328125,0.0003736693656719581
58.59375,0.0001667446554165508
59.326171875,1.866074761380787e-05
60.05859375,0.00037577618172690563
60.791015625,0.00025799178615670826
61.5234375,-0.0005330324484020821
62.255859375,-0.0001711717629859777
62.98828125,-0.00043214367906330153
63.720703125,0.0025267961518693483
64.453125,-0.0018723095536188339
65.185546875,-0.0004284736121462629
65.91796875,0.0003347248025420413
66.650390625,0.000724319136224949
67.3828125,-0.0011837689726235112
68.115234375,0.0009867824246612145
68.84765625,-5.339515141145057e-05
69.580078125,-0.0016561142501814174
70.3125,0.0021287487470544875
71.044921875,-0.0009021048299473478
71.77734375,0.0010376666068623308
72.509765625,-0.0021416965410026023
73.2421875,0.003575301207092707
73.974609375,-0.003837014901364455
74.70703125,0.0027257394776825095
75.439453125,0.0008838136977828981
76.171875,-0.0062260251070256345
76.904296875,0.005516540113603696
77.63671875,-0.0017058661114788265
78.369140625,0.0017083891634683823
79.1015625,-0.0012177523558420944
79.833984375,-0.0024269052119052503
80.56640625,0.007474402082152665
81.298828125,-0.013273474905872717
82.03125,0.010132487659575418
82.763671875,-0.002633484655234497
83.49609375,0.002911000592575874
84.228515625,-0.004337299742473988
84.9609375,0.003303562607470667
85.693359375,-0.0018899999076893437
86.42578125,-0.0025203894438163843
87.158203125,0.009025598956213798
87.890625,-0.007120401733118342
88.623046875,0.0006540980166391819
89.35546875,0.0004946861622556753
90.087890625,-0.001176534624391934
90.8203125,0.003446734581302735
91.552734375,-0.005086854343971936
92.28515625,0.00522565596838831
93.017578125,-0.0042603592191881035
93.75,0.002741979415077367
94.482421875,-0.0007350944883910415
95.21484375,-0.0011066520073654829
95.947265625,0.002561627070463146
96.6796875,-0.001716306201160478
97.412109375,-0.0008977021366263216
98.14453125,0.00031474860406888183
98.876953125,-0.0001143753323162855
99.609375,0.003088463245148887
100.341796875,-0.0039037936403474305
101.07421875,0.003392686494407826
101.806640625,-0.0018429882402415387
102.5390625,-0.0016303148413499002
103.271484375,0.003444368076088722
104.00390625,-0.0019287083432573127
104.736328125,0.0010021684602179448
105.46875,-1.1590191917321135e-05
106.201171875,-0.0024137418677128153
106.93359375,0.002153034074581228
107.666015625,-0.0006620461476813944
108.3984375,-0.0019973911093984498
109.130859375,0.0032284337976307143
109.86328125,-0.0003673727633213275
110.595703125,-0.0015115863334358437
111.328125,0.0014282477422966622
112.060546875,2.4338035586879414e-05
112.79296875,-0.002644208279889426
113.525390625,0.0027360197236703243
114.2578125,-0.0009940181371348444
114.990234375,0.001617461975911283
115.72265625,-0.0022760993942938512
116.455078125,0.0008314967203659762
117.1875,0.0019519450233929092
117.919921875,-0.0026654040539142443
118.65234375,-0.00013062619075299153
119.384765625,0.001631145210012619
120.1171875,-0.0016263632005575346
120.849609375,0.0007358776770161057
121.58203125,0.0002716593883178575
122.314453125,-0.00029935608836240135
123.046875,-0.0016861106360011036
123.779296875,0.0021702410322177457
124.51171875,0.003315704589113011
125.244140625,-0.0045004576350038406
125.9765625,0.0008064452572398295
126.708984375,0.0009995058007916668
127.44140625,-0.002974724111481919
128.173828125,0.003419200766074937
128.90625,-0.0021739740532211727
129.638671875,0.0004625321707862895
130.37109375,0.0013379774372879183
131.103515625,-0.001629699909244664
131.8359375,0.0002741206230894022
132.568359375,0.00214578130908194
133.30078125,-0.0027310941277391976
134.033203125,5.439832584386295e-06
134.765625,0.001755415610205091
135.498046875,-0.00047033546479724464
136.23046875,-0.0006506801923933381
136.962890625,0.0009061773198482115
137.6953125,-0.0011985321179963648
138.427734375,0.00046542206177946355
139.16015625,0.0013349682603802648
139.892578125,-0.002278539113831357
140.625,0.000864478920448164
141.357421875,-0.0008172324896804639
142.08984375,0.002576744236648665
142.822265625,-0.00196841233446321
143.5546875,-0.0011336272791595547
144.287109375,0.00424995914727333
145.01953125,-0.004183963483228581
145.751953125,0.0013135668268660083
146.484375,0.00045729677822237136
147.216796875,0.00040716082594371983
147.94921875,-0.00088733889924697
148.681640625,0.0003608738268212619
149.4140625,-0.0011601071037148358
150.146484375,0.0018124679854736314
150.87890625,-0.00034084911249010474
151.611328125,-0.0016680622820786084
152.34375,0.002162009195671999
153.076171875,-0.0011442008371886914
153.80859375,0.00013468672932503978
154.541015625,0.0002869304864816513
155.2734375,-0.00026268682518093556
156.005859375,-0.0005876444788555091
156.73828125,0.00010132868055734434
157.470703125,0.002496295792298042
158.203125,-0.0030307460292533506
158.935546875,0.0005349789375941327
159.66796875,-0.0006115004111961753
160.400390625,0.0033962980978685664
161.1328125,-0.0013881270888305153
161.865234375,-0.0024284736355184577
162.59765625,0.001610075514690834
163.330078125,-3.412710825045906e-05
164.0625,-4.510368967203249e-05
164.794921875,-0.0004738012080451881
165.52734375,-0.001131787030317355
166.259765625,0.005772663826064672
166.9921875,-0.005000009423383744
167.724609375,-0.00026653847839952505
168.45703125,0.0015101530834726873
169.189453125,-0.00020242951848103985
169.921875,-0.0014746702845513937
170.654296875,0.0024401574592047837
171.38671875,-0.0004232427670558536
172.119140625,-0.0032544717214477714
172.8515625,0.0030071412311372114
173.583984375,0.0007562518931081286
174.31640625,-0.0011079504247391014
175.048828125,-0.0012133798463764833
175.78125,0.0017896488770929864
176.513671875,-0.0009291587161897041
177.24609375,0.0003224115232569602
177.978515625,0.0005318607350091042
178.7109375,-0.0009524027859697526
179.443359375,-0.0009525041946290003
180.17578125,0.002501112248864956
180.908203125,-0.0019555457129172282
181.640625,0.0006963508099033788
182.373046875,0.0006959919574001106
183.10546875,-0.0011223249885006226
183.837890625,0.0007908878956186527
184.5703125,-0.0002057536221400369
185.302734375,0.00032176635045289004
186.03515625,-0.0006574431381523027
186.767578125,0.0009142537464867928
187.5,-0.0015558969153062208
188.232421875,1.1747641082138216e-05
188.96484375,0.0014211502730177017
189.697265625,-0.0007038364060463209
190.4296875,-0.00019138025209031184
191.162109375,0.001528349457657896
191.89453125,-0.0025574233859515516
192.626953125,0.002026646598096704
193.359375,-0.0007352427360274305
194.091796875,0.0006129606617832906
194.82421875,-0.0012984277191208093
195.556640625,0.0007097151524249057
196.2890625,0.0007564427733086632
197.021484375,-0.0013847235322828055
197.75390625,0.0009742544762048055
198.486328125,-0.0004758196325838071
199.21875,6.953591480396426e-05
199.951171875,0.00012575277708037902
200.68359375,0.00023080765743088705
201.416015625,-0.0006760723749721365
202.1484375,0.0008317459787576809
202.880859375,-0.001078380478247709
203.61328125,0.0009888766498988844
204.345703125,-0.00044589836534214555
205.078125,0.0009292480740441533
205.810546875,-0.0015865992963881581
206.54296875,0.002406943167443387
207.275390625,-0.004073095169587759
208.0078125,0.002406836301815929
208.740234375,0.0004674078013522376
209.47265625,0.00040071370221994584
210.205078125,-0.001397958158122492
210.9375,0.0010517579767110874
211.669921875,-0.0010339171012674342
212.40234375,0.00047999168373280554
213.134765625,-0.0005091503680887399
213.8671875,-0.0001805899785267684
214.599609375,0.0028643207770073786
215.33203125,-0.0034636957479960984
216.064453125,0.0016199375068026711
216.796875,-0.0006632110967075278
217.529296875,0.0005061996830590942
218.26171875,-0.0006084895858293748
218.994140625,0.000986101440503262
219.7265625,0.002171874029954779
220.458984375,-0.004004868969786912
221.19140625,0.0007753890258754836
221.923828125,0.001987971700145863
222.65625,-0.0041569578570488375
223.388671875,0.002596952981548384
224.12109375,0.0005557223516916565
224.853515625,0.00012059969378697133
225.5859375,-0.0007182720196396986
226.318359375,0.001767001435837301
227.05078125,-0.001516098450338177
227.783203125,-0.002420483951937058
228.515625,0.005340315510693472
229.248046875,-0.004971801899955608
229.98046875,0.002832518248396809
230.712890625,-0.0025883439320750767
231.4453125,0.002250494389954838
232.177734375,0.001340142830486002
232.91015625,-0.005963538114883704
233.642578125,0.008323728252435103
234.375,-0.005415573468781076
235.107421875,-0.002376824795646826
235.83984375,0.004349819391791243
236.572265625,0.0032680009098839946
237.3046875,-0.008712602721061558
238.037109375,0.008071076990745496
238.76953125,-0.008346304639417212
239.501953125,0.00969071697909385
240.234375,-0.008485050784656778
240.966796875,0.006789648068661336
241.69921875,-0.0012265248869880452
242.431640625,-0.004177131359028863
243.1640625,0.0034729321214399533
243.896484375,-0.001724844196360209
244.62890625,0.002781616103675333
245.361328125,-0.0036235430798114976
246.09375,0.0006808647867728723
246.826171875,0.0005600068675448711
247.55859375,0.003958054094255203
248.291015625,-0.006567773652932374
249.0234375,0.005748591775045497
249.755859375,-0.004132716640015133
250.48828125,0.00034804904203156184
251.220703125,0.0002663507245870278
251.953125,0.00013229914941348397
252.685546875,-0.0004936892992191133
253.41796875,0.000535231208687037
254.150390625,0.004519470621744404
254.8828125,-0.007873274626035709
255.615234375,0.004039055966131855
256.34765625,0.0002541538037803548
257.080078125,0.0037762765714433044
257.8125,-0.012681650332524441
258.544921875,0.014300822840596084
259.27734375,-0.006399774974852335
260.009765625,-0.00036605783293452987
260.7421875,0.0001435987826425844
261.474609375,0.002468793354637455
262.20703125,-0.0036286278373154346
262.939453125,-0.0004305582024244359
263.671875,0.006120281796029303
264.404296875,-0.00691153172738268
265.13671875,0.004981367965228856
265.869140625,0.00012877910648967372
266.6015625,-0.0023311824861593777
267.333984375,-0.002028095650530304
268.06640625,0.0028576846489158925
268.798828125,-0.00019327127631640906
269.53125,-0.0019050357877858914
270.263671875,0.0027590019726631
270.99609375,-0.0022565373001270927
271.728515625,0.001568242623761762
272.4609375,0.0011239282002861728
273.193359375,-0.003533001063260599
273.92578125,0.0027681478513841284
274.658203125,0.000362774386530873
275.390625,-0.002571108552729129
276.123046875,0.0039135343286034185
276.85546875,-0.005245430202194257
277.587890625,0.0019413600966800004
278.3203125,0.0024213861706812168
279.052734375,-0.0011790094731622958
279.78515625,-0.0028069694053556304
280.517578125,0.0035329921956872568
281.25,-0.00044680092514681746
281.982421875,-0.001897076572277001
282.71484375,0.0012559252127175569
283.447265625,0.0011608299246290699
284.1796875,-0.0017123139741670457
284.912109375,0.00010601029032386577
285.64453125,0.0025711831312946742
286.376953125,-0.005253748895484023
287.109375,0.0021037758415332064
287.841796875,0.004184643330518156
288.57421875,-0.005008150765206665
289.306640625,0.001323778519690677
290.0390625,0.001425529603693576
290.771484375,-0.0028255940378585365
291.50390625,0.0027009323275706265
292.236328125,-0.0009619928960091784
292.96875,0.0001750654092802506
293.701171875,-0.00044467506654655153
294.43359375,0.0023314828467846382
295.166015625,-0.0021300388652889524
295.8984375,-0.0015858186088735238
296.630859375,0.0018052835457638139
297.36328125,0.00020606439932180365
298.095703125,-0.0005797551239083987
298.828125,0.0009335099093732424
299.560546875,9.508460863116852e-05
300.29296875,-0.0028297322387516033
301.025390625,0.003470798901616945
301.7578125,-0.0012456217746148468
302.490234375,-0.0023901291115180356
303.22265625,0.004650241862691473
303.955078125,-0.0031355739338323474
304.6875,2.64050790121928e-05
305.419921875,0.0019512301605573157
306.15234375,-0.0014534888350681285
306.884765625,-0.0016744698996262741
307.6171875,0.003503874495436321
308.349609375,-0.002796562057483243
309.08203125,0.0030573664844268933
309.814453125,-0.0024698485958651872
310.546875,0.0007732210747235513
311.279296875,0.0006327186952148622
312.01171875,-0.0028371846383379307
312.744140625,0.0022634783363173483
313.4765625,-0.0010719576266637887
314.208984375,0.0025025062768690987
314.94140625,-0.0014671002190880245
315.673828125,0.00026655411033971177
316.40625,-0.00189768138625368
317.138671875,0.00030164673603394476
317.87109375,0.0014481566950053093
318.603515625,1.4827995720168019e-05
319.3359375,-0.0007185319077507302
320.068359375,0.002632622226883541
320.80078125,-0.0030544579203706235
321.533203125,-0.0010339583695895271
322.265625,0.001984056552828406
322.998046875,0.0005943563792243367
323.73046875,0.0006919419774931157
324.462890625,-0.002012852746702265
325.1953125,-0.0011565334716578946
325.927734375,0.002692574980756035
326.66015625,-0.0004833444791074726
327.392578125,-0.0020318407223385293
328.125,0.001019155433823471
328.857421875,0.0018956043277285062
329.58984375,-0.0022660954073217
330.322265625,0.002744026915024733
331.0546875,-0.0013619129504149896
331.787109375,-0.0013559576927946182
332.51953125,0.0033606995657464722
333.251953125,-0.004672096565627726
333.984375,0.004437819825398037
334.716796875,-0.004264803465048317
335.44921875,8.903966453033263e-06
336.181640625,0.000871908582666947
336.9140625,0.0037437600894918432
337.646484375,-0.0026725399493443547
338.37890625,-0.0015969295645845705
339.111328125,0.004655091743188677
339.84375,-0.006052700882719364
340.576171875,0.003558330945452326
341.30859375,-0.00016131374991346092
342.041015625,-0.00031283732937481545
342.7734375,0.002459608595017926
343.505859375,-0.0036191963772580493
344.23828125,0.002049088379862951
344.970703125,-0.003656713715827209
345.703125,0.003424604756219196
346.435546875,-0.0029002433166169794
347.16796875,0.0036176811590848956
347.900390625,-0.0008141055332089309
348.6328125,-0.0035238535929238424
349.365234375,0.00672064788886928
350.09765625,-0.004756773705594242
350.830078125,0.002489662620064337
351.5625,-0.0017981185465032468
352.294921875,0.0003019005703208677
353.02734375,-0.0009768128848008928
353.759765625,0.0007462350595233147
354.4921875,0.0011765633871618775
355.224609375,-0.0024833300358295674
355.95703125,0.0008965555480244802
356.689453125,1.6008332437422723e-05
357.421875,0.0012013464356641634
358.154296875,-0.00013387341368797934
358.88671875,0.0006093052320466086
359.619140625,-0.0010984334721797495
360.3515625,-0.0008170638921001228
361.083984375,0.001236539333149267
361.81640625,0.0005045690727456531
362.548828125,-0.00011368425134605786
363.28125,-0.002345875600440195
364.013671875,0.0013552651125792181
364.74609375,0.0011159652331116376
365.478515625,-0.001406694650540885
366.2109375,0.0008319877338180959
366.943359375,-0.0006556134053425922
367.67578125,-0.00047202439645843697
368.408203125,0.0015243729194480693
369.140625,-0.002590780241007451
369.873046875,0.0057095753618341405
370.60546875,-0.003974818355345633
371.337890625,-0.002868194997063256
372.0703125,0.0047799971980566625
372.802734375,-0.002035964598690043
373.53515625,-0.0012810456837542006
374.267578125,0.0021985881630826043
375,-0.000344262673479534
375.732421875,-0.0015764499039505608
376.46484375,0.0014559867622665479
377.197265625,4.090194138939296e-05
377.9296875,0.0009061953392119904
378.662109375,-0.0022083831936470233
379.39453125,0.0020582563138304977
380.126953125,0.00023186616715520358
380.859375,-0.003974759238190018
381.591796875,0.0022659203295916086
382.32421875,0.0037132645047677215
383.056640625,-0.006151793513708981
383.7890625,0.005515491466212552
384.521484375,-0.0033775802421587287
385.25390625,6.0511140986818646e-05
385.986328125,0.0012645809874811675
386.71875,-0.002142152425221866
387.451171875,0.0036896444726153277
388.18359375,-0.0037608388083754107
388.916015625,0.0025270305741287302
389.6484375,0.0009107673690778029
390.380859375,-0.0023934537694003666
391.11328125,0.0011947064422201947
391.845703125,-0.0031430754461325705
392.578125,0.0021516450487979455
393.310546875,0.0034953643535118317
394.04296875,-0.0056256039897562005
394.775390625,0.002403783582849428
395.5078125,0.0023066020276019117
396.240234375,-0.003404639073778526
396.97265625,0.00014888043153860053
397.705078125,-0.0007816067864041543
398.4375,0.003606725385907339
399.169921875,0.000635775109003589
399.90234375,-0.0048267393140122294
400.634765625,0.00250078073804616
401.3671875,0.0004993760853722051
402.099609375,-0.0011159794439663528
402.83203125,0.0020112288439122494
403.564453125,-0.006098670382925775
404.296875,0.008785387763055041
405.029296875,-0.007079184342728695
405.76171875,0.006640130322921323
406.494140625,-0.006498083166661672
407.2265625,0.005259560111881001
407.958984375,-0.0037550639717665035
408.69140625,-0.00028691127340607636
409.423828125,0.003732793857125216
410.15625,-0.00081533306683923
410.888671875,-0.004718414402304916
411.62109375,0.0074230424615961965
412.353515625,-0.005300021257426124
413.0859375,-0.0013835471008860623
413.818359375,0.004688225089921616
414.55078125,-0.0014075565104576526
415.283203125,-0.00066510710894363
416.015625,-0.0030378596420632675
416.748046875,0.004910180450679036
417.48046875,-0.0027918695195694454
418.212890625,0.0025876661311485805
418.9453125,-0.003079564521613065
419.677734375,0.0005528634119400522
420.41015625,0.00016963687698989816
421.142578125,0.0039135784390964545
421.875,-0.0023848997443565167
422.607421875,-0.0007620542419317644
423.33984375,-0.0022055296540202107
424.072265625,0.004988779892300954
424.8046875,-0.004169360181549564
425.537109375,0.0005823048354614002
426.26953125,0.0003829713932645973
427.001953125,0.0018173362832385465
427.734375,-0.004583342615660513
428.466796875,0.005630267878586892
429.19921875,-0.00491286027681781
429.931640625,0.002825784576998558
430.6640625,0.0028047452360624447
431.396484375,-0.005737715582654346
432.12890625,0.0015019453485365375
432.861328125,0.0060144243434478994
433.59375,-0.006408846275007818
434.326171875,-0.0019731937754841056
435.05859375,0.005983570190437604
435.791015625,-0.0038494104046549182
436.5234375,0.0009074114473150985
437.255859375,0.0031902202408673475
437.98828125,-0.0036338576592243044
438.720703125,-0.0022300821456155973
439.453125,0.0055959644669201225
440.185546875,-0.002331609948669211
440.91796875,-0.0009370740485792339
441.650390625,-0.0011880239298989181
442.3828125,0.0019394672108319355
443.115234375,0.001444412760065461
443.84765625,-0.0008545790706193657
444.580078125,-0.0017593023358131177
445.3125,0.0019435874492046423
446.044921875,0.0007513593800467788
446.77734375,-0.0048982742555381265
447.509765625,0.004535770131042227
448.2421875,-0.0005709688934985024
448.974609375,-0.0011585581205508788
449.70703125,-0.0009193064443024923
450.439453125,0.005566714207816403
451.171875,-0.006825411674071802
451.904296875,0.0025379085855092853
452.63671875,0.002366676426390768
453.369140625,-0.003550677092789556
454.1015625,0.0018939895198855083
454.833984375,-0.0016036793795137783
455.56640625,-0.0014660272427136078
456.298828125,0.006786119229218457
457.03125,-0.0044541766328620724
457.763671875,-0.0009461272156841005
458.49609375,0.0020115428469580365
459.228515625,-0.002891275926231174
459.9609375,0.003037113401660463
460.693359375,0.0006422768024094694
461.42578125,-0.004152958354097791
462.158203125,0.005536436674447032
462.890625,-0.00651071195534314
463.623046875,0.0034885351851698942
464.35546875,0.0019541766960173845
465.087890625,-0.0038494094951602165
465.8203125,0.001903056158880645
466.552734375,0.00292981235361367
467.28515625,-0.006684263553324854
468.017578125,0.006690459940728033
468.75,-0.004689894922194071
469.482421875,-0.0001151072908101014
470.21484375,0.004454983809409896
470.947265625,-0.006580919034604449
471.6796875,0.007256893240992213
472.412109375,-0.0014137496009425377
473.14453125,-0.004782675659953384
473.876953125,0.006588846190425102
474.609375,-0.010385514542576857
475.341796875,0.009875278919935226
476.07421875,-0.004526782959146658
476.806640625,0.004097013061254984
477.5390625,-0.00030554204499821935
478.271484375,-0.004149150299781468
479.00390625,-9.023344205161266e-05
479.736328125,0.003173070126649691
480.46875,-0.0008060221716732485
481.201171875,-0.00033167592050631356
481.93359375,0.0009196104997499788
482.666015625,-0.0004341254111750459
483.3984375,-0.0029603797884192318
484.130859375,0.004073187028552638
484.86328125,-0.0014237468803912634
485.595703125,-0.005193264769332018
486.328125,0.005612085260509048
487.060546875,-0.00033099348684118013
487.79296875,0.0017699184127195622
488.525390625,-0.0040976187847263645
489.2578125,0.0019633494048321154
489.990234375,0.006741470770066371
490.72265625,-0.012682347005466
491.455078125,-0.0021319913230399834
492.1875,0.01614268694538623
492.919921875,-0.011940451258851681
493.65234375,0.005808620699099265
494.384765625,-0.0027945134206674993
495.1171875,0.0022806809738540323
495.849609375,-0.0034454103570169536
496.58203125,0.0020004006273666164
497.314453125,0.0015535389366050367
498.046875,-0.004148958396399394
498.779296875,0.0030374471862160135
499.51171875,-0.0023722898276901105
500.244140625,0.006902577752043726
500.9765625,-0.008072295713645872
501.708984375,0.0011786154345827526
502.44140625,0.006124937499407679
503.173828125,-0.0029565121621999424
503.90625,-0.0076920596256968565
504.638671875,0.007950724466354586
505.37109375,0.0001109288163547717
506.103515625,-0.004031524895253824
506.8359375,0.005722494279325474
507.568359375,-0.004761539457831532
508.30078125,0.0013936288496552152
509.033203125,0.000563262119612773
509.765625,-0.0017278142649956862
510.498046875,0.005306967523210915
511.23046875,-0.008515947229170706
511.962890625,0.006301902431005146
512.6953125,-0.0024771923108346527
513.427734375,-0.002357067160119186
514.16015625,0.00205897822525003
514.892578125,0.0017499021396361059
515.625,0.002498142976037343
516.357421875,-0.008662431355332956
517.08984375,0.008357190381502733
517.822265625,-0.0024111318452924024
518.5546875,-0.00010020704621638288
519.287109375,-0.0003667220482839184
520.01953125,-0.00262010735241347
520.751953125,0.0017748020582075696
521.484375,0.0008234578672272619
522.216796875,0.000887070996213879
522.94921875,-0.003300868911537691
523.681640625,0.0023239867914526258
524.4140625,0.0019823130514851073
525.146484375,-0.0037291088119673077
525.87890625,0.0031177835353446426
526.611328125,-0.0008062182246248994
527.34375,-0.002130510665665497
528.076171875,0.0015372510233646608
528.80859375,0.00046759220140302205
529.541015625,0.0004426633495313581
530.2734375,-0.004499246188061079
531.005859375,0.005797154244646663
531.73828125,-0.0032181783353735227
532.470703125,9.564423208985318e-05
533.203125,0.0038601879168709274
533.935546875,-0.005533046078198822
534.66796875,0.0025359402116009733
535.400390625,0.002829437562468229
536.1328125,-0.0055534037528559566
536.865234375,0.00374286059923179
537.59765625,0.000775041769429663
538.330078125,-0.005191996933717746
539.0625,0.003395718294996186
539.794921875,0.0010544039241722203
540.52734375,-0.0008502137802679499
541.259765625,-0.002145332018699264
541.9921875,0.001497802941230475
542.724609375,0.003534789811965311
543.45703125,-0.005893549314350821
544.189453125,0.003467161832304555
544.921875,0.0015280527350114426
545.654296875,-0.0025773601919354405
546.38671875,-0.0007268855597430957
547.119140625,-2.919530039946494e-05
547.8515625,0.0007279070928234432
548.583984375,0.0010765895694930805
549.31640625,-0.0019186720692232484
550.048828125,0.0029695954708586214
550.78125,-0.0020550448880385375
551.513671875,-0.0013796033044854994
552.24609375,0.000947661703776248
552.978515625,-0.0008403829383496486
553.7109375,0.0027508422135724686
554.443359375,0.0015212123116725706
555.17578125,-0.0035450862014840823
555.908203125,-0.0007278184739334392
556.640625,0.0025916269805748016
557.373046875,-0.0018148317622035393
558.10546875,0.0008711829764251888
558.837890625,0.0013588809224529541
559.5703125,-0.0022882654775457922
560.302734375,0.0010463378430358716
561.03515625,-0.0011752069895010209
561.767578125,0.001972975042008329
562.5,-0.0010482511925147264
563.232421875,0.0008078085329543683
563.96484375,-0.002433383087918628
564.697265625,0.002042000232904684
565.4296875,-0.000403631730705456
566.162109375,-0.0012192645044706296
566.89453125,0.005079347374703502
567.626953125,-0.007083036052790703
568.359375,0.003664415316961822
569.091796875,0.0007882153454374929
569.82421875,-0.0020967631826351862
570.556640625,0.0004569252496366971
571.2890625,-0.0010174603630730417
572.021484375,0.003959867626690539
572.75390625,-0.0020143565961916465
573.486328125,-0.0017509344161226181
574.21875,0.0014715793668074184
574.951171875,-0.0008550174470656202
575.68359375,0.0019693802641995717
576.416015625,-0.003049050746994908
577.1484375,0.0033419564715586603
577.880859375,-0.004756819635076681
578.61328125,0.005123447408550419
579.345703125,-0.003222009581804741
580.078125,0.003196261559423874
580.810546875,-0.0018280779841006733
581.54296875,0.000395821842857913
582.275390625,-0.0011623229738688678
583.0078125,-0.0011191792737008655
583.740234375,0.0029122484193067066
584.47265625,-0.0028355486847431166
585.205078125,0.004553950475383317
585.9375,-0.0034182023682660656
586.669921875,-0.0005987968734189053
587.40234375,0.0025854346858977806
588.134765625,-0.0018952974869534955
588.8671875,0.0006013927418280218
589.599609375,0.00016262747237760777
590.33203125,-0.0014879663012834499
591.064453125,-2.52858054494709e-05
591.796875,0.0038169018807820976
592.529296875,-0.0028715855933114653
593.26171875,-0.0011045125347663998
593.994140625,0.0010732441069194465
594.7265625,0.0008738986707612639
595.458984375,-0.0007538557156294701
596.19140625,-0.000456526521475098
596.923828125,0.0011222381317566033
597.65625,-0.0014416701787922648
598.388671875,0.0015217829059110954
599.12109375,-0.0002511308423436276
599.853515625,-0.000314766310793857
600.5859375,-0.00011660937815349826
601.318359375,-0.0009524472943667206
602.05078125,0.003408095153645263
602.783203125,-0.004147574145463295
603.515625,0.0020205395685479743
604.248046875,-0.0004920469791613868
604.98046875,0.0004248811933393881
605.712890625,0.0010069035170090501
606.4453125,-0.0038134678561618784
607.177734375,0.005411063284554984
607.91015625,-0.0053512917475018185
608.642578125,0.004530227670329623
609.375,-0.0018629165197125985
610.107421875,-0.0015036014247016283
610.83984375,0.0029200591598055325
611.572265625,-0.0034601516745169647
612.3046875,0.0038416624192905147
613.037109375,-0.0029051957426418085
613.76953125,0.0007680235967200133
614.501953125,0.0002109839414288217
615.234375,-0.000564508070510783
615.966796875,0.0021856271814613137
616.69921875,-0.003445625907261274
617.431640625,0.002601640744614997
618.1640625,-0.0017689418427835335
618.896484375,0.001991969838854857
619.62890625,-0.0005055308065493591
620.361328125,-0.0007448364272022445
621.09375,-7.21135791081906e-05
621.826171875,-0.0004355868838956667
622.55859375,0.0010626209814290632
623.291015625,0.0002505539953290281
624.0234375,0.0010273497537127696
624.755859375,-0.002617961627038312
625.48828125,0.0009306929769081762
626.220703125,-2.2206792849033263e-05
626.953125,-0.00034689719541347586
627.685546875,0.0019067917946813395
628.41796875,-0.0023053964923747117
629.150390625,0.0016693408042556257
629.8828125,-0.002560129587436677
630.615234375,0.004388159140944481
631.34765625,-0.004102410002815304
632.080078125,0.0030378571409528377
632.8125,-0.00412742610933492
633.544921875,0.004866720701102167
634.27734375,-0.004137076302868081
635.009765625,0.0032349601042369613
635.7421875,-0.0024542005121475086
636.474609375,0.0010866492630157154
637.20703125,0.0008854617590259295
637.939453125,-0.0018514385828893865
638.671875,0.000478870902043127
639.404296875,0.0010994466492775246
640.13671875,-0.0007477795520571817
640.869140625,-0.0016478178395118448
641.6015625,0.004027723662147764
642.333984375,-0.002299332663824316
643.06640625,-0.001442835582565749
643.798828125,0.0025455369723204058
644.53125,-0.0005394339268605108
645.263671875,-0.0019980452634627
645.99609375,0.0022662695755570894
646.728515625,-0.0011163385806867154
647.4609375,0.00034740543242151034
648.193359375,0.002854003696484142
648.92578125,-0.0053284543355403
649.658203125,0.003326670821479638
650.390625,-0.0010750956107585807
651.123046875,0.0009523713515591226
651.85546875,0.0006139400738902623
652.587890625,-0.003940201168006752
653.3203125,0.004870604698226089
654.052734375,-0.004921597337670391
654.78515625,0.0029940179047116544
655.517578125,0.0007008436000432994
656.25,-0.0011717166898961295
656.982421875,-0.0011282025980108301
657.71484375,0.0024403914267168147
658.447265625,-0.0017946348407349433
659.1796875,0.0008461827860628546
659.912109375,-0.0010179459195569507
660.64453125,0.001037881361298787
661.376953125,0.0013141108183845063
662.109375,-0.005196827714826213
662.841796875,0.0067492437665350735
663.57421875,-0.004864723905484425
664.306640625,0.003766336249100277
665.0390625,-0.0032236184779321775
665.771484375,0.0011164787565576262
666.50390625,0.001983568154173554
667.236328125,-0.005683250947186025
667.96875,0.005501935902429977
668.701171875,-0.0012100070989617961
669.43359375,3.410830373695717e-05
670.166015625,-0.0009966061043087393
670.8984375,1.664623461294923e-05
671.630859375,-0.0008815575824883126
672.36328125,0.0018798426708599436
673.095703125,0.00020274755740956607
673.828125,-0.0019102692476735683
674.560546875,0.0015427327753059217
675.29296875,0.00046839193146297475
676.025390625,-0.0016007473959689378
676.7578125,0.003072978188356501
677.490234375,-0.003949789515900193
678.22265625,0.0018963254433401744
678.955078125,0.0005821634090352745
679.6875,-5.5256673903159026e-05
680.419921875,-0.0037206289107416524
681.15234375,0.004260445166437421
681.884765625,-0.003972624654124957
682.6171875,0.004118148808629485
683.349609375,-0.0009471113457948377
684.08203125,-0.0023389520720229484
684.814453125,0.0034819952361431206
685.546875,-0.0009466153869652771
686.279296875,-0.0034856184356613085
687.01171875,0.007606146937177982
687.744140625,-0.008780682037468068
688.4765625,0.005286995474307332
689.208984375,-0.0024010971628740663
689.94140625,0.002253326556456159
690.673828125,-0.00258736577052332
691.40625,0.0015270919675458572
692.138671875,-0.00021405661243534269
692.87109375,-0.0016771714399510529
693.603515625,0.0039522019505966455
694.3359375,-0.004205624463793356
695.068359375,0.004783071290148655
695.80078125,-0.004110942882107338
696.533203125,0.0041919761315512005
697.265625,-0.007786173227941617
697.998046875,0.006592509635083843
698.73046875,0.0010657474831532454
699.462890625,-0.00531246951140929
700.1953125,0.003423919224587735
700.927734375,-0.0006733793611601868
701.66015625,-0.0033990402243944118
702.392578125,0.005316765054885764
703.125,0.0015889347650954733
703.857421875,-0.007146013103920268
704.58984375,0.005386792054196121
705.322265625,-0.0050869407459686045
706.0546875,0.004177483333478449
706.787109375,-0.0013156846989659243
707.51953125,-0.0003382995998890692
708.251953125,0.004234459993313067
708.984375,-0.00771643863117788
709.716796875,0.005744685495301383
710.44921875,-0.0019653507479233667
711.181640625,0.0013546075479098363
711.9140625,-0.0012938610325363697
712.646484375,-0.0003744818286577356
713.37890625,-0.0006587718530681741
714.111328125,0.0038687908272549976
714.84375,-0.0042911119635391515
715.576171875,0.0008323019642375584
716.30859375,0.001293877289754164
717.041015625,-0.0006096741458350152
717.7734375,0.003683155227918178
718.505859375,-0.007096334229572676
719.23828125,0.007023629677860299
719.970703125,-0.005662726380251115
720.703125,0.0015123243883863324
721.435546875,-0.0009819784736464499
722.16796875,0.0025339672902191523
722.900390625,0.0016838423562148819
723.6328125,-0.006470943390013417
724.365234375,0.00670107738187653
725.09765625,-0.00405689024773892
725.830078125,0.0029167263164708856
726.5625,-0.002158129973395262
727.294921875,-0.0003624057853812701
728.02734375,0.0006302103088273725
728.759765625,0.003109491217401228
729.4921875,-0.004099851594219217
730.224609375,0.0002507904639514891
730.95703125,0.001880350168903533
731.689453125,-0.0009875363957689842
732.421875,9.129561817644571e-05
733.154296875,-0.0004437594043338322
733.88671875,0.002837649162756861
734.619140625,-0.00324311349686468
735.3515625,-0.00047228013499989174
736.083984375,0.004290595825295895
736.81640625,-0.00542167981620878
737.548828125,0.00038035906868572056
738.28125,0.004474723027669825
739.013671875,-0.0025980018563132035
739.74609375,-0.0011211816399736563
740.478515625,0.001311371534029604
741.2109375,0.0014973730912970495
741.943359375,-0.0027363121262169443
742.67578125,0.003599330739234574
743.408203125,-0.005853988113813102
744.140625,0.005316991973813856
744.873046875,-8.56783799463301e-05
745.60546875,-0.0027687167403200874
746.337890625,0.0001390078665508554
747.0703125,0.0018921423361462075
747.802734375,4.8005134090089996e-05
748.53515625,-0.0017585970226718928
749.267578125,0.0018402391788185923
750,-0.006184792709973408
750.732421875,0.00877414731803583
751.46484375,-0.003979224857175723
752.197265625,0.001531921157038596
752.9296875,-0.0028605893476196798
753.662109375,0.0011769011507567484
754.39453125,0.003392695134607493
755.126953125,-0.007001095127634471
755.859375,0.010765030310722068
756.591796875,-0.012216148206789512
757.32421875,0.008384252396353986
758.056640625,-0.004315947990107816
758.7890625,0.0003541524051797751
759.521484375,0.0029488926429621642
760.25390625,-0.00200955423679261
760.986328125,0.0013670542102772743
761.71875,-0.004077220637555001
762.451171875,0.005680840786226327
763.18359375,-0.00539650727660046
763.916015625,0.005179104846320115
764.6484375,-0.004214724867779296
765.380859375,-0.00011343897199367348
766.11328125,0.00518519664183259
766.845703125,-0.009135377695201896
767.578125,0.011482808076834772
768.310546875,-0.008089826224022545
769.04296875,0.0008833431479615683
769.775390625,0.005280460754875094
770.5078125,-0.006791301075281808
771.240234375,0.008148640517902095
771.97265625,-0.009264749678550288
772.705078125,0.006771673270122847
773.4375,-0.00737973232389777
774.169921875,0.0056146013776015025
774.90234375,-0.0043120357986481395
775.634765625,0.0043533264033612795
776.3671875,0.0016740417549954145
777.099609375,-0.004797693691216409
777.83203125,0.004767040991282556
778.564453125,-0.004266813903086586
779.296875,0.0030653682188130915
780.029296875,-0.002183401875299751
780.76171875,0.005146492185303941
781.494140625,-0.005737433639296796
782.2265625,-0.0019669091670948546
782.958984375,0.006057781320123468
783.69140625,-0.003979747361881891
784.423828125,0.0008575642596042599
785.15625,0.0006191267516442167
785.888671875,-0.0025429862944292836
786.62109375,0.0013461516346069402
787.353515625,0.00468795542474254
788.0859375,-0.0044733660615747795
788.818359375,0.0026045763661386445
789.55078125,-0.009350903383165132
790.283203125,0.014562634532921948
791.015625,-0.01050620176101802
791.748046875,0.006201663836691296
792.48046875,-0.002275203542012605
793.212890625,-0.002899636228903546
793.9453125,0.0015896341665211366
794.677734375,0.0032568416372669162
795.41015625,-0.005528544534172397
796.142578125,0.004787717898580013
796.875,0.00029577989835161134
797.607421875,-0.00409484619012801
798.33984375,0.0005801875886390917
799.072265625,0.003900707724824315
799.8046875,1.673683058811548e-05
800.537109375,-0.0022039412215235643
801.26953125,-0.0011036158866772894
802.001953125,-0.0012724985936074518
802.734375,0.0015279657645805855
803.466796875,0.0027897333438886562
804.19921875,-0.0012103209883207455
804.931640625,-0.003667645160021493
805.6640625,0.0044242524381843396
806.396484375,-0.002762562644420541
807.12890625,0.003039453304154449
807.861328125,-0.004460415766516235
808.59375,0.003764904477066011
809.326171875,-0.002416637471469585
810.05859375,4.042947310267664e-05
810.791015625,0.0012604566563823028
811.5234375,-0.0011703787095029838
812.255859375,0.0007713470608905482
812.98828125,0.004244888714310946
813.720703125,-0.006430032499338267
814.453125,0.0022013543912180467
815.185546875,-0.0029974723929626634
815.91796875,0.006687846962449839
816.650390625,-0.003348061454744311
817.3828125,0.0022039700979803456
818.115234375,-0.003532052005539299
818.84765625,0.00020476196027630067
819.580078125,0.0042274632505723275
820.3125,-0.010954023309750482
821.044921875,0.017171640138258226
821.77734375,-0.016346684788004495
822.509765625,0.008418533980147913
823.2421875,-0.0037684228573198197
823.974609375,0.004533561423158972
824.70703125,-0.0032411821848654654
825.439453125,0.001562393322274147
826.171875,0.0009481543656875147
826.904296875,-0.008134129529935308
827.63671875,0.012548754966701381
828.369140625,-0.009355074325867463
829.1015625,0.005406303444033256
829.833984375,-0.0024451303488604026
830.56640625,0.0030104511097306386
831.298828125,-0.003420509074203437
832.03125,0.00029404276347122504
832.763671875,0.0014770291727472795
833.49609375,-0.0033116593840532005
834.228515625,0.006676947123196442
834.9609375,-0.008563265510019846
835.693359375,0.004838383574679028
836.42578125,0.00040056431771517964
837.158203125,-0.005548370154428994
837.890625,0.010277344699716195
838.623046875,-0.007430581717926543
839.35546875,0.0009213270004693186
840.087890625,-9.861754790563282e-05
840.8203125,0.0022177725895744516
841.552734375,0.0010805081274156692
842.28515625,-0.0053878884500591084
843.017578125,0.0027207008770346874
843.75,0.0027541334475245094
844.482421875,-0.001922486490002484
845.21484375,-0.0029327648007893004
845.947265625,0.005424146365839988
846.6796875,-0.005157293344382197
847.412109375,-0.0005468303925226792
848.14453125,0.005884862275706837
848.876953125,-0.0029339457796595525
849.609375,-0.004841458121518372
850.341796875,0.005269720986689208
851.07421875,0.0007188201607277733
851.806640625,0.0006986322773627762
852.5390625,-0.002251615796922124
853.271484375,-0.0028010783807985717
854.00390625,0.006328819836198818
854.736328125,-0.007749476935714483
855.46875,0.009153107384918258
856.201171875,-0.004664365860662656
856.93359375,-0.0021431828827189747
857.666015625,0.0044766379687644076
858.3984375,-0.0055577138482476585
859.130859375,0.0018465827906766208
859.86328125,0.0045885790314059705
860.595703125,-0.003702784397319192
861.328125,-0.0035557457067625364
862.060546875,0.003272068624937674
862.79296875,0.001773397116267006
863.525390625,-0.00013166206258574675
864.2578125,-0.0013156507066014456
864.990234375,0.001751478066580603
865.72265625,-6.213570458157847e-05
866.455078125,-0.0026764846552396193
867.1875,0.0032481630114489235
867.919921875,-0.0025278320663346676
868.65234375,-0.004227755198371597
869.384765625,0.007458248546754476
870.1171875,-0.004941497081745183
870.849609375,0.005001670160709182
871.58203125,-0.004041807187604718
872.314453125,0.0002181295428727026
873.046875,0.0052067598517169245
873.779296875,-0.006683069386781426
874.51171875,0.00462553452962311
875.244140625,-0.006455790753534529
875.9765625,0.005121274625707883
876.708984375,4.9970992677117465e-05
877.44140625,0.0017953948372451123
878.173828125,-0.006555676009156741
878.90625,0.006016617589921225
879.638671875,-0.003149985786876641
880.37109375,0.0010785470294649713
881.103515625,0.0026651389362086775
881.8359375,-0.0021343828393582953
882.568359375,-0.0030641153898613993
883.30078125,0.00387636373488931
884.033203125,0.0010610681329126237
884.765625,-0.005140256234881235
885.498046875,0.005508043159352383
886.23046875,-0.003270688694101409
886.962890625,-0.002906405597968842
887.6953125,0.005418731234385632
888.427734375,-0.0017270945136260707
889.16015625,0.002513961590011604
889.892578125,-0.008056424121605232
890.625,0.007745734365016688
891.357421875,-0.0034621928080014186
892.08984375,0.002837364945662557
892.822265625,-0.0049364007281837985
893.5546875,0.0060502115957206115
894.287109375,-0.004402526428748388
895.01953125,-0.001049222078108869
895.751953125,0.008524443728674669
896.484375,-0.009092726031667553
897.216796875,0.003593984729377553
897.94921875,-0.0017039866406776127
898.681640625,0.0001759014907065648
899.4140625,0.001269899598810298
900.146484375,-0.001975335635506781
900.87890625,0.006527261575683951
901.611328125,-0.0076673468356602825
902.34375,0.006418867087631952
903.076171875,-0.008565151802031323
903.80859375,0.008520895789843053
904.541015625,-0.004225616066833027
905.2734375,-0.0001599002104057945
906.005859375,3.321901687058926e-05
906.73828125,0.0007557214871667384
907.470703125,-0.0014756865311937872
908.203125,0.0024583243884990225
908.935546875,0.001311116648139432
909.66796875,-0.0027908440642931964
910.400390625,0.0016135203395606368
911.1328125,-0.0016231383597187232
911.865234375,0.0009501212048235175
912.59765625,-0.0035646953620016575
913.330078125,0.004525750227912795
914.0625,0.0005458663849822187
914.794921875,-0.0007797069088155695
915.52734375,-0.004222334155201679
916.259765625,0.003710550572577631
916.9921875,0.0009934174158843234
917.724609375,-0.004258094122633338
918.45703125,0.004330391675466672
919.189453125,-0.0006031996235833503
919.921875,-0.003168494913552422
920.654296875,0.003161002041451866
921.38671875,0.00015630483574113896
922.119140625,-0.004947806246491382
922.8515625,0.007224276941997232
923.583984375,-0.0005968545337964315
924.31640625,-0.0070424493969767354
925.048828125,0.004562379672279349
925.78125,-0.0033015016924764495
926.513671875,0.007015347364358604
927.24609375,-0.006599457719858037
927.978515625,0.0033273815915890737
928.7109375,0.0007899692491264432
929.443359375,-0.002836480462065083
930.17578125,-0.0003270685340339696
930.908203125,0.004271507805242436
931.640625,-0.0054250253924692515
932.373046875,0.0035081884561805055
933.10546875,-0.0009696381084722816
933.837890625,0.0009471089583712455
934.5703125,0.0005288557076710276
935.302734375,-0.0010467493893884239
936.03515625,0.00010448833620557707
936.767578125,-0.0001248600227654606
937.5,-0.00453186248705606
938.232421875,0.007829190508346073
938.96484375,-0.007506223482778296
939.697265625,0.006207555998116732
940.4296875,-0.001308352352680231
941.162109375,-0.003467389660727349
941.89453125,0.0001273688354785918
942.626953125,0.006556382686540019
943.359375,-0.004498942416830687
944.091796875,0.0030094840894889785
944.82421875,-0.00462528305433807
945.556640625,0.00415890872318414
946.2890625,-0.006500290055555524
947.021484375,0.004302644811104983
947.75390625,0.0032460875445394777
948.486328125,-0.0017147949620266445
949.21875,-0.005908365437790053
949.951171875,0.0035665889299707487
950.68359375,0.005108387085783761
951.416015625,-0.009230140676663723
952.1484375,0.004678428467741469
952.880859375,0.005424041319201933
953.61328125,-0.009124621101364028
954.345703125,0.003414121692912886
955.078125,0.003314546347610303
955.810546875,-0.006359822236845503
956.54296875,0.00806043408374535
957.275390625,-0.006015871804265771
958.0078125,0.004060519586346345
958.740234375,-0.008639096449769568
959.47265625,0.009782266715774313
960.205078125,-0.004142285888519837
960.9375,-0.0008738832661947527
961.669921875,0.001819836143113207
962.40234375,-0.002440894377286895
963.134765625,0.00171082081124041
963.8671875,0.002908642272814177
964.599609375,-0.004059363618580392
965.33203125,0.0007490851885449956
966.064453125,0.003323799546706141
966.796875,-0.0017355935142404633
967.529296875,-0.0073250362220278475
968.26171875,0.013670006410393398
968.994140625,-0.008594808605266735
969.7265625,0.0016118564190037432
970.458984375,-0.0016971866898529697
971.19140625,0.0020614752429537475
971.923828125,-0.002888019025704125
972.65625,0.0063632955971115734
973.388671875,-0.004950730726704933
974.12109375,-0.0024659464088472305
974.853515625,0.007144162736949511
975.5859375,-0.006581979960174067
976.318359375,0.00487556599182426
977.05078125,-0.003777151050599059
977.783203125,0.0001660563384575653
978.515625,0.001187727093565627
979.248046875,0.002153614104827284
979.98046875,-0.0019135893580823904
980.712890625,-0.0005143393195794488
981.4453125,0.0014615894770031446
982.177734375,-0.0013412192174655502
982.91015625,-0.0035490604659571545
983.642578125,0.0075586144703265745
984.375,-0.004438245468918467
985.107421875,0.0019298577171866782
985.83984375,0.00018612823282637692
986.572265625,-0.0005065818982075143
987.3046875,-0.002595170371932909
988.037109375,0.00244796069637232
988.76953125,0.0007623915507792844
989.501953125,-0.0029084014840918826
990.234375,0.0017497948192612967
990.966796875,-0.0014518357147608185
991.69921875,0.001393139655192499
992.431640625,0.0005616450380330207
993.1640625,-0.0004936070467920217
993.896484375,0.0030345349841809366
994.62890625,-0.007996020030986983
995.361328125,0.005421070454758592
996.09375,-0.0026149684799747774
996.826171875,0.0018990500620930106
997.55859375,0.0021536200165428454
998.291015625,-0.0006742963591932494
999.0234375,-0.001391383648297051
999.755859375,-0.0016188940890060621
1000.48828125,0.0005603261001851934
1001.220703125,0.0035564280551625416
1001.953125,-0.00350621576217236
1002.685546875,-0.001387083784720744
1003.41796875,0.004384600742923794
1004.150390625,-0.003757074182431097
1004.8828125,0.0011731011682059034
1005.615234375,-0.0005709948709409218
1006.34765625,0.004323249413573649
1007.080078125,-0.004407823780638864
1007.8125,0.0028843144264101284
1008.544921875,-0.0010867997843888588
1009.27734375,-0.0008703286198397109
1010.009765625,0.0014963583225835464
1010.7421875,-0.0027167825464857742
1011.474609375,0.0031780157314642565
1012.20703125,-0.004603297838912113
1012.939453125,0.0016594093494859408
1013.671875,0.006437271167669678
1014.404296875,-0.009837156540015712
1015.13671875,0.0057591350923758
1015.869140625,-0.0008080864404291788
1016.6015625,0.0006981082378842984
1017.333984375,-0.002704121925489744
1018.06640625,0.002709272166612209
1018.798828125,0.0018353707673668396
1019.53125,-0.00830217595648719
1020.263671875,0.006411063168343389
1020.99609375,0.0005339004474080866
1021.728515625,-0.004445001650310587
1022.4609375,0.007590652785438579
1023.193359375,-0.006724871127516963
1023.92578125,0.002889078359658015
1024.658203125,0.0005416046064965485
1025.390625,-0.0016386208017138415
1026.123046875,-0.0040400223042524885
1026.85546875,0.011333726433804259
1027.587890625,-0.009799954568734393
1028.3203125,0.0010880837635340868
1029.052734375,0.0019780075035669142
1029.78515625,-0.0013091458868075279
1030.517578125,0.0006796087745897239
1031.25,0.004356409135652939
1031.982421875,-0.005787156169390073
1032.71484375,-0.0013521338360078516
1033.447265625,0.009184470400214195
1034.1796875,-0.0120239756142837
1034.912109375,0.008389029062527698
1035.64453125,-0.0005423943889582006
1036.376953125,-0.0034935619623865932
1037.109375,-0.0010237462220175075
1037.841796875,0.004397733846417395
1038.57421875,-0.0007947888320813945
1039.306640625,-0.0012999398677493446
1040.0390625,-0.001762337660693447
1040.771484375,0.007191486020019511
1041.50390625,-0.007258940058818553
1042.236328125,0.003262854306740337
1042.96875,-0.0018159664705308387
1043.701171875,-0.0007373459425252804
1044.43359375,0.0035851035136147402
1045.166015625,-0.006542025857925182
1045.8984375,0.008084646651695948
1046.630859375,-0.006130424935690826
1047.36328125,0.002508915258658817
1048.095703125,0.003017024710061378
1048.828125,-0.006975967153266538
1049.560546875,0.005873382178833708
1050.29296875,-0.0010677083537302678
1051.025390625,-0.00230237924370158
1051.7578125,0.0034619274629221763
1052.490234375,-0.0016822637007862795
1053.22265625,-0.0012465782219805988
1053.955078125,0.0008732992000659578
1054.6875,-0.0012694524684775388
1055.419921875,0.004571169483824633
1056.15234375,-0.008046976290643215
1056.884765625,0.007424563591484912
1057.6171875,-0.0027004675757780205
1058.349609375,-0.0006877476721456333
1059.08203125,0.003462413133092923
1059.814453125,-0.005749349384132074
1060.546875,0.004129762601223774
1061.279296875,-0.004886913757218281
1062.01171875,0.0071979716267378535
1062.744140625,-0.00356531745637767
1063.4765625,0.0005195701078264392
1064.208984375,-0.0016083364471342065
1064.94140625,0.004787458237842657
1065.673828125,-0.004361275387054775
1066.40625,0.0005121759727444442
1067.138671875,-0.00016405748226588912
1067.87109375,-0.0016147105270647444
1068.603515625,0.0006258440521378361
1069.3359375,0.005810620677948464
1070.068359375,-0.0074098652476095594
1070.80078125,0.005139077075000387
1071.533203125,-0.004254275609127944
1072.265625,0.004266085852577817
1072.998046875,-0.0018947753233078402
1073.73046875,-0.002394144985373714
1074.462890625,0.0031062349989952054
1075.1953125,-0.0032565160381636815
1075.927734375,0.00766957691666903
1076.66015625,-0.012315894309722353
1077.392578125,0.012410676390572917
1078.125,-0.004259138222550973
1078.857421875,-0.0046613672566309106
1079.58984375,0.002446879761919263
1080.322265625,0.005878217052668333
1081.0546875,-0.007009849014139036
1081.787109375,-0.0005892088665859774
1082.51953125,0.007935161193017848
1083.251953125,-0.008792222615738865
1083.984375,0.005475359557749471
1084.716796875,-0.0013568176200351445
1085.44921875,-0.00043284163098178396
1086.181640625,-0.0035056998513027793
1086.9140625,0.0057528645811544266
1087.646484375,-0.002245481937279692
1088.37890625,-0.0005221828587309574
1089.111328125,0.0004605737444762781
1089.84375,-0.0008449978281532822
1090.576171875,0.0010040649840448168
1091.30859375,-0.0014584520613425411
1092.041015625,0.005992434580548434
1092.7734375,-0.0054149240895640105
1093.505859375,0.0012552062571558054
1094.23828125,-0.0037027871258032974
1094.970703125,0.0043640006879286375
1095.703125,-0.00015466498837213294
1096.435546875,-0.0020445379504963057
1097.16796875,0.003435852931943373
1097.900390625,-0.005629005954688182
1098.6328125,0.0021433679648907855
1099.365234375,0.004401066689752042
1100.09765625,-0.006338623279589228
1100.830078125,0.0024685543849045644
1101.5625,0.0024453031528537394
1102.294921875,-0.003380579983058851
1103.02734375,0.0032631760404910892
1103.759765625,-0.004535339030553587
1104.4921875,0.004506503501033876
1105.224609375,0.0023387597138935234
1105.95703125,-0.008190407243091613
1106.689453125,0.0054440465646621305
1107.421875,-0.0019359163161425386
1108.154296875,0.0014597768540625111
1108.88671875,-0.004985033683624351
1109.619140625,0.006993349870754173
1110.3515625,-0.002937623094112496
1111.083984375,-0.004338856342656072
1111.81640625,0.009177067113341764
1112.548828125,-0.002886871470764163
1113.28125,-0.004667727353080409
1114.013671875,0.0035521588870324194
1114.74609375,0.0007664709187338303
1115.478515625,-0.003499286322039552
1116.2109375,0.002610428282423527
1116.943359375,-0.0017951641666513751
1117.67578125,0.0030033988878130913
1118.408203125,-0.0016212461559916846
1119.140625,0.00037351378523453604
1119.873046875,-0.002167305410694098
1120.60546875,0.0017194713564094855
1121.337890625,0.0003637107681697671
1122.0703125,-0.002650513351909467
1122.802734375,0.0035893749554816168
1123.53515625,-0.003191925770806847
1124.267578125,0.0026901636829279596
1125,0.000500927569646592
1125.732421875,-0.0036335877666715533
1126.46484375,0.003884873876813799
1127.197265625,-0.0020107988802919863
1127.9296875,-0.0012177669077573228
1128.662109375,0.0007419723715429427
1129.39453125,0.0041834127841866575
1130.126953125,-0.008157159754773602
1130.859375,0.007418277164106257
1131.591796875,-0.003402922175155254
1132.32421875,-0.0012135814131397638
1133.056640625,0.004377267487143399
1133.7890625,-0.004341452040534932
1134.521484375,0.004630738203559304
1135.25390625,-0.0051563406486820895
1135.986328125,0.004962282218912151
1136.71875,-0.004206942321616225
1137.451171875,0.003283304067736026
1138.18359375,-0.0012556999990920303
1138.916015625,-0.005080990376882255
1139.6484375,0.00799835743237054
1140.380859375,-0.002432335577395861
1141.11328125,-0.0039759015635354444
1141.845703125,0.004112309397896752
1142.578125,3.351831590059362e-07
1143.310546875,-0.000617956231963035
1144.04296875,-0.00226656493396149
1144.775390625,0.004390702088130638
1145.5078125,-0.002075709971904871
1146.240234375,-0.0013198118722357322
1146.97265625,-0.00027986914119537687
1147.705078125,0.0017602474144950975
1148.4375,0.0004073804973359074
1149.169921875,-0.003295172746220487
1149.90234375,0.0028444567305996316
1150.634765625,0.001340478092970443
1151.3671875,-0.003685747515191906
1152.099609375,0.003371987759237527
1152.83203125,-0.0012482615829867427
1153.564453125,-0.00036438572692532034
1154.296875,-0.003537817974574864
1155.029296875,0.007837649718567263
1155.76171875,-0.005369417067413451
1156.494140625,0.0016213552953558974
1157.2265625,-0.0021209277747402666
1157.958984375,-0.0005993006197968498
1158.69140625,0.0066045395215041935
1159.423828125,-0.008391613846470136
1160.15625,0.005576737748924643
1160.888671875,-0.0013066895689917146
1161.62109375,0.002230584186690976
1162.353515625,-0.008134581548802089
1163.0859375,0.01260801036551129
1163.818359375,-0.009006164873426314
1164.55078125,-0.0022017929950379767
1165.283203125,0.00788100624049548
1166.015625,-0.004406058906170074
1166.748046875,0.002278103465869208
1167.48046875,-0.002617022801132407
1168.212890625,0.002121074658134603
1168.9453125,-0.003861788627546048
1169.677734375,0.004431051365827443
1170.41015625,-0.002330919869564241
1171.142578125,-0.0007768442173983203
1171.875,0.0027882924769073725
1172.607421875,0.00021487011281351442
1173.33984375,-0.002607299620649428
1174.072265625,0.0002543036714541813
1174.8046875,0.0033274573070229962
1175.537109375,-0.00405007767767529
1176.26953125,0.0023305058221012587
1177.001953125,-0.000610549420798634
1177.734375,-0.000607721347023471
1178.466796875,-0.0017519112134323223
1179.19921875,0.00494833875563927
1179.931640625,-0.0048066203817143105
1180.6640625,0.002962545295304153
1181.396484375,-0.004975001047569094
1182.12890625,0.010888273209275212
1182.861328125,-0.008377750418731011
1183.59375,-0.0006467255388997728
1184.326171875,0.003070324510190403
1185.05859375,0.0007740508181086625
1185.791015625,-0.0037284496556821978
1186.5234375,0.003150395059492439
1187.255859375,-0.0016882522686501034
1187.98828125,0.002685344952624291
1188.720703125,-0.003717053687068983
1189.453125,0.0036504047784546856
1190.185546875,-0.001270317738999438
1190.91796875,-0.003592113898776006
1191.650390625,0.0017255900957025005
1192.3828125,0.0008604681625001831
1193.115234375,0.004251849077263614
1193.84765625,-0.006495827619801275
1194.580078125,0.00512410451847245
1195.3125,-0.006380587365129031
1196.044921875,0.006293931619438808
1196.77734375,-0.0037441566291818162
1197.509765625,0.0007110059527803969
1198.2421875,0.0057349734561285
1198.974609375,-0.007784129593346734
1199.70703125,0.0005670594305229315
1200.439453125,0.002183658352805651
1201.171875,-0.001508656851001433
1201.904296875,0.004387438366393326
1202.63671875,-0.0041721741581568494
1203.369140625,0.001408109710610006
1204.1015625,-0.0005857520477547951
1204.833984375,0.003989450306107756
1205.56640625,-0.007319234100577887
1206.298828125,0.0028340859898889903
1207.03125,0.0017361115851599607
1207.763671875,0.00010387604021389052
1208.49609375,-0.0012637484587685321
1209.228515625,-0.0009095077189158474
1209.9609375,0.0029382513275777455
1210.693359375,-0.004074106982443482
1211.42578125,0.003163334667988238
1212.158203125,0.0005797550670649798
1212.890625,-0.002162259079341311
1213.623046875,-0.0010790122360049281
1214.35546875,0.0014880845355946803
1215.087890625,0.003535439191182377
1215.8203125,-0.00572530871068011
1216.552734375,0.0020154209323663963
1217.28515625,0.00027501431532073184
1218.017578125,0.000727779365661263
1218.75,0.0009137859251495684
1219.482421875,-0.0036617504974856274
1220.21484375,0.004934183834848227
1220.947265625,-0.00458806061942596
1221.6796875,0.0032894849937292747
1222.412109375,-0.0016161308167284005
1223.14453125,0.0016729236449464224
1223.876953125,-0.0024556359221605817
1224.609375,-0.0003426760315505817
1225.341796875,0.004486601937969681
1226.07421875,-0.006998853677941952
1226.806640625,0.006332654265861493
1227.5390625,-0.0035541841043595923
1228.271484375,-0.0005509890570465359
1229.00390625,0.0023360710201814072
1229.736328125,-5.180829987239122e-05
1230.46875,-0.0010508925925023505
1231.201171875,0.0004110607108032127
1231.93359375,-0.0015556545349681983
1232.666015625,0.003420917209950858
1233.3984375,-0.001658286237216089
1234.130859375,0.0010837289892151603
1234.86328125,-0.003633587084550527
1235.595703125,0.0002922975284036511
1236.328125,0.006725725597789278
1237.060546875,-0.007476850896637188
1237.79296875,0.004193929271423258
1238.525390625,-0.002913003299909178
1239.2578125,0.0016931128357100533
1239.990234375,-4.8657927465001194e-05
1240.72265625,-0.0024655980723764515
1241.455078125,0.006039183062966913
1242.1875,-0.0051130496103724
1242.919921875,0.0020065945136593655
1243.65234375,-0.001174656858893286
1244.384765625,0.0011766273928515147
1245.1171875,-0.0023109778339858167
1245.849609375,0.002539396064094035
1246.58203125,-0.0002401236542937113
1247.314453125,0.0001945078622611618
1248.046875,-0.001836048113545985
1248.779296875,0.0005862818852619966
1249.51171875,0.0032691093565517804
1250.244140625,-0.00480772814626107
1250.9765625,0.002241771426270134
1251.708984375,-0.0009155271527561126
1252.44140625,0.0010187092129854136
1253.173828125,-0.0016939633269430487
1253.90625,0.0004241177009589592
1254.638671875,0.0020105696876271395
1255.37109375,-0.0017607682138987002
1256.103515625,0.0004654885685795307
1256.8359375,0.000895346431661892
1257.568359375,-0.0009197305530506128
1258.30078125,0.003609487976063974
1259.033203125,-0.006709930403303588
1259.765625,0.006647346253885189
1260.498046875,-0.005490294824994635
1261.23046875,0.002671475158422254
1261.962890625,-0.0014610303651352297
1262.6953125,0.0006195986657075991
1263.427734375,-0.0009075794196178322
1264.16015625,0.003988044227298815
1264.892578125,-0.006248544195841532
1265.625,0.005828851499245502
1266.357421875,-0.003296957402199041
1267.08984375,0.0024642827156640124
1267.822265625,-0.001659007011767244
1268.5546875,0.0008219852816182538
1269.287109375,-0.0027299963676341577
1270.01953125,0.002891145186367794
1270.751953125,-0.0012297745115574799
1271.484375,-0.0007997618354238512
1272.216796875,0.00222873177335714
1272.94921875,0.002412592721157125
1273.681640625,-0.006849180863355286
1274.4140625,0.0012678387975029182
1275.146484375,0.00687831015966367
1275.87890625,-0.008572817023377866
1276.611328125,0.005009502274333499
1277.34375,0.000336120365318493
1278.076171875,-0.004530300429905765
1278.80859375,0.0059754765970865265
1279.541015625,-0.005524412699742243
1280.2734375,0.003393295855858014
1281.005859375,-0.00034593452369335864
1281.73828125,0.001325945845565002
1282.470703125,-0.003912100964953424
1283.203125,0.001359821908408776
1283.935546875,0.004075474407727597
1284.66796875,-0.00829054624773562
1285.400390625,0.007673425898246933
1286.1328125,-0.002397574917267775
1286.865234375,-0.0037943952975183493
1287.59765625,0.007590939731016988
1288.330078125,-0.006328742529149167
1289.0625,0.005353840151656186
1289.794921875,-0.0049254899749939796
1290.52734375,0.0022155109036248177
1291.259765625,-0.002238928573206067
1291.9921875,0.0046760869736317545
1292.724609375,-0.0004594652978084923
1293.45703125,-0.0054047945923230145
1294.189453125,0.0033266428545175586
1294.921875,-0.0018892391153713106
1295.654296875,0.0036790784179174807
1296.38671875,-0.0040664217522135004
1297.119140625,0.0015939973536660546
1297.8515625,0.0015376965620816918
1298.583984375,-0.0027645019144983962
1299.31640625,0.003682811666294583
1300.048828125,-0.003903851848008344
1300.78125,0.002786594677672838
1301.513671875,-0.0014859606380923651
1302.24609375,0.00013505429308224848
1302.978515625,0.0028291085527598625
1303.7109375,-0.0037225720461719902
1304.443359375,0.002572662879174459
1305.17578125,-0.005270097517495742
1305.908203125,0.007766011549392715
1306.640625,-0.00524749930264079
1307.373046875,-0.0015722735042800196
1308.10546875,0.005867009349458385
1308.837890625,-0.00396538280256209
1309.5703125,0.0016953022168308962
1310.302734375,-0.0016055748801591108
1311.03515625,0.0017530709328639205
1311.767578125,-0.0019451379102974897
1312.5,0.003321348003737512
1313.232421875,-0.002171876076317858
1313.96484375,-0.0005533176477001689
1314.697265625,-0.0006311780680334778
1315.4296875,0.0041766720642044675
1316.162109375,-0.004817251920030685
1316.89453125,0.003351482064317679
1317.626953125,-0.0010868714070966234
